{
  "best_metric": 0.4909372329711914,
  "best_model_checkpoint": "your-name/gpt2-peft-p-tuning/checkpoint-500",
  "epoch": 0.4750593824228028,
  "eval_steps": 500,
  "global_step": 1000,
  "is_hyper_param_search": false,
  "is_local_process_zero": true,
  "is_world_process_zero": true,
  "log_history": [
    {
      "epoch": 0.24,
      "learning_rate": 0.00038123515439429927,
      "loss": 0.3942,
      "step": 500
    },
    {
      "epoch": 0.24,
      "eval_loss": 0.4909372329711914,
      "eval_roc_auc": 0.5595689147091016,
      "eval_runtime": 1.7935,
      "eval_samples_per_second": 486.202,
      "eval_steps_per_second": 15.612,
      "step": 500
    },
    {
      "epoch": 0.48,
      "learning_rate": 0.0002624703087885986,
      "loss": 0.3859,
      "step": 1000
    },
    {
      "epoch": 0.48,
      "eval_loss": 0.544895589351654,
      "eval_roc_auc": 0.5555958996379557,
      "eval_runtime": 1.8066,
      "eval_samples_per_second": 482.666,
      "eval_steps_per_second": 15.498,
      "step": 1000
    }
  ],
  "logging_steps": 500,
  "max_steps": 2105,
  "num_train_epochs": 1,
  "save_steps": 500,
  "total_flos": 1044225996226560.0,
  "trial_name": null,
  "trial_params": null
}
