{"loss": 0.04056320711970329, "_timestamp": 1708813979.2999983, "_runtime": 758.2682762145996, "_step": 4983, "eval/loss": 0.04609052091836929, "eval/roc_auc": 0.4988738738738739, "eval/runtime": 1.9892, "eval/samples_per_second": 438.377, "eval/steps_per_second": 14.076, "train/global_step": 4655, "train/loss": -0.0, "train/learning_rate": 1e-08, "train/epoch": 5.0, "train/train_runtime": 746.084, "train/train_samples_per_second": 199.595, "train/train_steps_per_second": 6.239, "train/total_flos": 4602140484028416.0, "train/train_loss": -8.760602644841745e-06, "_wandb": {"runtime": 757}}